{
	"credit": "by 2m3v",
	"parent": "m3vtg:cards/parent",
	"textures": {
		"0": "m3vtg:item/cards/black_hearts_4",
		"particle": "m3vtg:item/cards/black_hearts_4"
	},
	"elements": [
		{
			"from": [5, 0, 3],
			"to": [11, 0, 12],
			"rotation": {"angle": 0, "axis": "y", "origin": [8, 0, 7.5]},
			"faces": {
				"north": {"uv": [0, 0, 6, 0], "texture": "#0"},
				"east": {"uv": [0, 0, 9, 0], "texture": "#0"},
				"south": {"uv": [0, 0, 6, 0], "texture": "#0"},
				"west": {"uv": [0, 0, 9, 0], "texture": "#0"},
				"up": {"uv": [0, 0, 6, 9], "texture": "#0"},
				"down": {"uv": [12, 0, 6, 9], "texture": "#0"}
			}
		}
	]
}