{
    "type": "minecraft:crafting_shaped",
    "pattern": [
        "#W#",
        "#S#",
        " L "
    ],
    "key": {
        "#": {
            "item": "minecraft:gold_nugget"
        },
        "W": {
            "item": "minecraft:black_dye"
        },
        "S": {
            "item": "minecraft:string"
        },
        "L": {
            "item": "minecraft:leather"
        }
    },
    "result": {
        "item": "minecraft:knowledge_book",
        "count": 1
    }
}