{
    "type": "minecraft:crafting_shaped",
    "pattern": [
        " # ",
        "YSB",
        " L "
    ],
    "key": {
        "#": {
            "item": "minecraft:quartz_block"
        },
        "Y": {
            "item": "minecraft:yellow_dye"
        },
        "S": {
            "item": "minecraft:string"
        },
        "B": {
            "item": "minecraft:black_dye"
        },
        "L": {
            "item": "minecraft:leather"
        }
    },
    "result": {
        "item": "minecraft:knowledge_book",
        "count": 1
    }
}