{
  "pools": [
    {
      "rolls": 1,
      "entries": [
        {
          "type": "minecraft:item",
          "name": "minecraft:stone_button"
        }
      ],
      "functions": [
        {
          "function": "minecraft:set_count",
          "count": {
            "type": "minecraft:uniform",
            "min": 1,
            "max": {
              "type": "minecraft:score",
              "target": {
                "type": "minecraft:fixed",
                "name": "$random"
              },
              "score": "m3vtg-temp",
              "scale": 1
            }
          }
        }
      ]
    }
  ]
}
