{
	"credit": "by 2m3v",
	"parent": "m3vtg:cards/parent",
	"textures": {
		"0": "m3vtg:item/cards/bub_j",
		"particle": "m3vtg:item/cards/bub_j"
	},
	"elements": [
		{
			"from": [5, 0, 3],
			"to": [11, 0, 12],
			"faces": {
				"north": {"uv": [8, 13.5, 16, 16], "texture": "#0"},
				"east": {"uv": [7, 10.75, 16, 16], "texture": "#0"},
				"south": {"uv": [13, 12.25, 16, 16], "texture": "#0"},
				"west": {"uv": [15.66667, 15.83333, 16, 16], "texture": "#0"},
				"up": {"uv": [0, 0, 6, 9], "texture": "#0"},
				"down": {"uv": [6, 0, 12, 9], "texture": "#0"}
			}
		}
	]
}