{
	"credit": "Made with Blockbench",
	"texture_size": [32, 32],
	"elements": [
		{
			"from": [7, 6, 5.82919],
			"to": [9, 8, 7.82919],
			"rotation": {"angle": 0, "axis": "y", "origin": [7.9875, 6.3125, 6.91459]},
			"faces": {
				"north": {"uv": [2, 2, 4, 4], "texture": "#missing"},
				"east": {"uv": [0, 2, 2, 4], "texture": "#missing"},
				"south": {"uv": [6, 2, 8, 4], "texture": "#missing"},
				"west": {"uv": [4, 2, 6, 4], "texture": "#missing"},
				"up": {"uv": [4, 2, 2, 0], "texture": "#missing"},
				"down": {"uv": [6, 0, 4, 2], "texture": "#missing"}
			}
		},
		{
			"from": [7.25, 5.5, 5.32919],
			"to": [8.75, 8.25, 8.32919],
			"rotation": {"angle": 0, "axis": "y", "origin": [7.9875, 6.3125, 6.91459]},
			"faces": {
				"north": {"uv": [11, 3, 12, 5], "texture": "#missing"},
				"east": {"uv": [8, 3, 11, 5], "texture": "#missing"},
				"south": {"uv": [15, 3, 16, 5], "texture": "#missing"},
				"west": {"uv": [12, 3, 15, 5], "texture": "#missing"},
				"up": {"uv": [12, 3, 11, 0], "texture": "#missing"},
				"down": {"uv": [13, 0, 12, 3], "texture": "#missing"}
			}
		},
		{
			"from": [7.4, 5.90507, 7.38408],
			"to": [8.6, 7.40507, 8.88408],
			"rotation": {"angle": -22.5, "axis": "x", "origin": [7.9875, 6.3125, 6.91459]},
			"color": 3,
			"faces": {
				"north": {"uv": [9, 2.5, 10, 3.5], "rotation": 180, "texture": "#missing"},
				"east": {"uv": [8, 2.5, 9, 3.5], "rotation": 90, "texture": "#missing"},
				"south": {"uv": [11, 2.5, 12, 3.5], "texture": "#missing"},
				"west": {"uv": [10, 2.5, 11, 3.5], "rotation": 270, "texture": "#missing"},
				"up": {"uv": [10, 2.5, 9, 1.5], "texture": "#missing"},
				"down": {"uv": [11, 1.5, 10, 2.5], "rotation": 180, "texture": "#missing"}
			}
		},
		{
			"from": [7.375, 5.525, 8.17919],
			"to": [8.625, 7, 9.67919],
			"rotation": {"angle": 0, "axis": "y", "origin": [7.9875, 6.3125, 6.91459]},
			"color": 3,
			"faces": {
				"north": {"uv": [9, 2.5, 10, 3.5], "texture": "#missing"},
				"east": {"uv": [8, 2.5, 9, 3.5], "texture": "#missing"},
				"south": {"uv": [11, 2.5, 12, 3.5], "texture": "#missing"},
				"west": {"uv": [10, 2.5, 11, 3.5], "texture": "#missing"},
				"up": {"uv": [10, 2.5, 9, 1.5], "texture": "#missing"},
				"down": {"uv": [11, 1.5, 10, 2.5], "texture": "#missing"}
			}
		},
		{
			"from": [7.35, 2.90076, 8.10127],
			"to": [8.65, 5.87576, 10.00127],
			"rotation": {"angle": -22.5, "axis": "x", "origin": [7.9875, 6.3125, 6.91459]},
			"color": 9,
			"faces": {
				"north": {"uv": [1, 10.9, 2, 12.9], "texture": "#missing"},
				"east": {"uv": [0, 10.9, 1, 12.9], "texture": "#missing"},
				"south": {"uv": [3, 10.9, 4, 12.9], "texture": "#missing"},
				"west": {"uv": [2, 10.9, 3, 12.9], "texture": "#missing"},
				"up": {"uv": [2, 10.9, 1, 9.9], "texture": "#missing"},
				"down": {"uv": [3, 9.9, 2, 10.9], "texture": "#missing"}
			}
		},
		{
			"from": [7.5, 7.2, 2.82919],
			"to": [8.5, 8.2, 5.57919],
			"rotation": {"angle": 0, "axis": "y", "origin": [7.9875, 6.3125, 6.91459]},
			"faces": {
				"north": {"uv": [13, 12.75, 14, 13.75], "texture": "#missing"},
				"east": {"uv": [11, 12.75, 13.75, 13.75], "texture": "#missing"},
				"south": {"uv": [10, 12.75, 11, 13.75], "texture": "#missing"},
				"west": {"uv": [8, 12.75, 10.75, 13.75], "texture": "#missing"},
				"up": {"uv": [11, 12.75, 12, 15.5], "rotation": 180, "texture": "#missing"},
				"down": {"uv": [12, 10.75, 13, 13.5], "rotation": 180, "texture": "#missing"}
			}
		},
		{
			"from": [7.6, 8.2, 7.57919],
			"to": [7.85, 8.4, 7.82919],
			"rotation": {"angle": 0, "axis": "y", "origin": [7.3625, 6.5125, 6.91459]},
			"faces": {
				"north": {"uv": [13, 12.75, 13.25, 12.95], "texture": "#missing"},
				"east": {"uv": [10.25, 12.75, 10.5, 12.95], "texture": "#missing"},
				"south": {"uv": [10, 12.75, 10.25, 12.95], "texture": "#missing"},
				"west": {"uv": [8, 12.75, 8.25, 12.95], "texture": "#missing"},
				"up": {"uv": [11, 10.25, 11.25, 10.5], "rotation": 180, "texture": "#missing"},
				"down": {"uv": [12, 10.25, 12.25, 10.5], "rotation": 180, "texture": "#missing"}
			}
		},
		{
			"from": [7.875, 7.72579, 2.98002],
			"to": [8.125, 8.17579, 3.98002],
			"rotation": {"angle": 22.5, "axis": "x", "origin": [8.025, 7.95079, 3.48002]},
			"faces": {
				"north": {"uv": [10, 12.25, 10, 12.25], "rotation": 180, "texture": "#missing"},
				"east": {"uv": [11, 12.25, 10, 12.25], "rotation": 180, "texture": "#missing"},
				"south": {"uv": [11, 12.25, 11, 12.25], "rotation": 180, "texture": "#missing"},
				"west": {"uv": [10, 4.25, 9, 4.25], "rotation": 180, "texture": "#missing"},
				"up": {"uv": [10, 4.25, 10, 3.25], "rotation": 180, "texture": "#missing"},
				"down": {"uv": [10, 11.25, 10, 12.25], "rotation": 180, "texture": "#missing"}
			}
		},
		{
			"from": [7.85, 7.9, 2.85419],
			"to": [8.15, 8.35, 3.10419],
			"rotation": {"angle": 0, "axis": "x", "origin": [8.4, 8.125, 2.60419]},
			"faces": {
				"north": {"uv": [8.25, 2.5, 8.25, 2.5], "rotation": 180, "texture": "#missing"},
				"east": {"uv": [8.25, 2.5, 8.25, 2.5], "rotation": 180, "texture": "#missing"},
				"south": {"uv": [8.25, 2.5, 8.25, 2.5], "rotation": 180, "texture": "#missing"},
				"west": {"uv": [8.25, 2.5, 8.25, 2.5], "rotation": 180, "texture": "#missing"},
				"up": {"uv": [8.25, 2.5, 8.25, 2.5], "rotation": 180, "texture": "#missing"},
				"down": {"uv": [8.25, 2.5, 8.25, 2.5], "rotation": 180, "texture": "#missing"}
			}
		},
		{
			"from": [8.1, 8.2, 7.57919],
			"to": [8.35, 8.4, 7.82919],
			"rotation": {"angle": 0, "axis": "y", "origin": [8.5375, 6.5125, 6.91459]},
			"faces": {
				"north": {"uv": [13, 12.75, 13.25, 12.95], "texture": "#missing"},
				"east": {"uv": [10.25, 12.75, 10.5, 12.95], "texture": "#missing"},
				"south": {"uv": [10, 12.75, 10.25, 12.95], "texture": "#missing"},
				"west": {"uv": [8, 12.75, 8.25, 12.95], "texture": "#missing"},
				"up": {"uv": [11, 10.25, 11.25, 10.5], "rotation": 180, "texture": "#missing"},
				"down": {"uv": [12, 10.25, 12.25, 10.5], "rotation": 180, "texture": "#missing"}
			}
		},
		{
			"from": [7.75, 6.7, 3.57919],
			"to": [8.25, 7.2, 5.57919],
			"rotation": {"angle": 0, "axis": "y", "origin": [7.9875, 6.3125, 6.91459]},
			"faces": {
				"north": {"uv": [10, 12, 10, 12], "texture": "#missing"},
				"east": {"uv": [8, 12, 10, 12], "texture": "#missing"},
				"south": {"uv": [12, 12, 12, 12], "texture": "#missing"},
				"west": {"uv": [10, 12, 12, 12], "texture": "#missing"},
				"up": {"uv": [10, 12, 10, 10], "texture": "#missing"},
				"down": {"uv": [10, 10, 10, 12], "texture": "#missing"}
			}
		},
		{
			"from": [7.775, 7.02119, 8.48777],
			"to": [8.175, 7.42119, 9.63777],
			"rotation": {"angle": -45, "axis": "x", "origin": [7.975, 7.22119, 9.06277]},
			"faces": {
				"north": {"uv": [9, 2, 9, 2], "texture": "#missing"},
				"east": {"uv": [8, 2, 9, 2], "texture": "#missing"},
				"south": {"uv": [10, 2, 10, 2], "texture": "#missing"},
				"west": {"uv": [9, 2, 10, 2], "texture": "#missing"},
				"up": {"uv": [9, 2, 9, 1], "texture": "#missing"},
				"down": {"uv": [9, 1, 9, 2], "texture": "#missing"}
			}
		},
		{
			"from": [7.78, 4.8, 7.32919],
			"to": [8.21, 5.05, 8.32919],
			"rotation": {"angle": 0, "axis": "y", "origin": [7.9875, 6.3125, 6.91459]},
			"faces": {
				"north": {"uv": [9, 2, 9, 2], "texture": "#missing"},
				"east": {"uv": [8, 2, 9, 2], "texture": "#missing"},
				"south": {"uv": [10, 2, 10, 2], "texture": "#missing"},
				"west": {"uv": [9, 2, 10, 2], "texture": "#missing"},
				"up": {"uv": [9, 2, 9, 1], "texture": "#missing"},
				"down": {"uv": [9, 1, 9, 2], "texture": "#missing"}
			}
		},
		{
			"from": [7.775, 5.45647, 8.55032],
			"to": [8.225, 6.45647, 8.80032],
			"rotation": {"angle": 22.5, "axis": "x", "origin": [7.9875, 6.3125, 6.91459]},
			"faces": {
				"north": {"uv": [8, 0.25, 8, 1.25], "rotation": 180, "texture": "#missing"},
				"east": {"uv": [8, 0.25, 8, 1.25], "rotation": 90, "texture": "#missing"},
				"south": {"uv": [8, 0.25, 8, 1.25], "texture": "#missing"},
				"west": {"uv": [8, 0.25, 8, 1.25], "rotation": 270, "texture": "#missing"},
				"up": {"uv": [8, 0.25, 8, 0.25], "texture": "#missing"},
				"down": {"uv": [8, 0.25, 8, 0.25], "rotation": 180, "texture": "#missing"}
			}
		},
		{
			"from": [7.775, 4.75647, 6.71882],
			"to": [8.225, 5.75647, 6.96882],
			"rotation": {"angle": -22.5, "axis": "x", "origin": [7.9875, 6.3125, 6.91459]},
			"faces": {
				"north": {"uv": [8, 0.25, 8, 1.25], "rotation": 180, "texture": "#missing"},
				"east": {"uv": [8, 0.25, 8, 1.25], "rotation": 90, "texture": "#missing"},
				"south": {"uv": [8, 0.25, 8, 1.25], "texture": "#missing"},
				"west": {"uv": [8, 0.25, 8, 1.25], "rotation": 270, "texture": "#missing"},
				"up": {"uv": [8, 0.25, 8, 0.25], "texture": "#missing"},
				"down": {"uv": [8, 0.25, 8, 0.25], "rotation": 180, "texture": "#missing"}
			}
		},
		{
			"from": [7.775, 7.02119, 8.48777],
			"to": [8.175, 7.42119, 9.63777],
			"rotation": {"angle": -45, "axis": "x", "origin": [7.975, 7.22119, 9.06277]},
			"faces": {
				"north": {"uv": [9, 2, 9, 2], "texture": "#missing"},
				"east": {"uv": [8, 2, 9, 2], "texture": "#missing"},
				"south": {"uv": [10, 2, 10, 2], "texture": "#missing"},
				"west": {"uv": [9, 2, 10, 2], "texture": "#missing"},
				"up": {"uv": [9, 2, 9, 1], "texture": "#missing"},
				"down": {"uv": [9, 1, 9, 2], "texture": "#missing"}
			}
		}
	],
	"display": {
		"thirdperson_righthand": {
			"translation": [0, 2, 0]
		},
		"thirdperson_lefthand": {
			"translation": [0, 2, 0]
		},
		"firstperson_righthand": {
			"translation": [0, 2, 0]
		},
		"firstperson_lefthand": {
			"translation": [0, 2, 0]
		},
		"ground": {
			"translation": [0, 2, 0]
		},
		"gui": {
			"rotation": [9, 135, 0]
		},
		"fixed": {
			"rotation": [0, 90, 0],
			"translation": [0, 2, 0]
		}
	}
}